instance,scenario,idle_ratio,machine,processing_power,idle_power
mk01,independent,0.05,1,5.5,0.275
mk01,independent,0.05,2,2.0,0.1
mk01,independent,0.05,3,2.75,0.1375
mk01,independent,0.05,4,3.5,0.17500000000000002
mk01,independent,0.05,5,4.25,0.21250000000000002
mk01,independent,0.05,6,5.0,0.25
mk01,independent,0.15,1,5.5,0.825
mk01,independent,0.15,2,2.0,0.3
mk01,independent,0.15,3,2.75,0.4125
mk01,independent,0.15,4,3.5,0.525
mk01,independent,0.15,5,4.25,0.6375
mk01,independent,0.15,6,5.0,0.75
mk01,independent,0.3,1,5.5,1.65
mk01,independent,0.3,2,2.0,0.6
mk01,independent,0.3,3,2.75,0.825
mk01,independent,0.3,4,3.5,1.05
mk01,independent,0.3,5,4.25,1.275
mk01,independent,0.3,6,5.0,1.5
mk01,speed,0.05,1,6.0,0.30000000000000004
mk01,speed,0.05,2,2.0,0.1
mk01,speed,0.05,3,3.1111111111111116,0.15555555555555559
mk01,speed,0.05,4,2.770975056689342,0.1385487528344671
mk01,speed,0.05,5,3.7805383022774333,0.18902691511387168
mk01,speed,0.05,6,2.8058608058608057,0.1402930402930403
mk01,speed,0.15,1,6.0,0.8999999999999999
mk01,speed,0.15,2,2.0,0.3
mk01,speed,0.15,3,3.1111111111111116,0.46666666666666673
mk01,speed,0.15,4,2.770975056689342,0.4156462585034013
mk01,speed,0.15,5,3.7805383022774333,0.567080745341615
mk01,speed,0.15,6,2.8058608058608057,0.4208791208791208
mk01,speed,0.3,1,6.0,1.7999999999999998
mk01,speed,0.3,2,2.0,0.6
mk01,speed,0.3,3,3.1111111111111116,0.9333333333333335
mk01,speed,0.3,4,2.770975056689342,0.8312925170068026
mk01,speed,0.3,5,3.7805383022774333,1.13416149068323
mk01,speed,0.3,6,2.8058608058608057,0.8417582417582417
mk02,independent,0.05,1,5.5,0.275
mk02,independent,0.05,2,2.0,0.1
mk02,independent,0.05,3,2.75,0.1375
mk02,independent,0.05,4,3.5,0.17500000000000002
mk02,independent,0.05,5,4.25,0.21250000000000002
mk02,independent,0.05,6,5.0,0.25
mk02,independent,0.15,1,5.5,0.825
mk02,independent,0.15,2,2.0,0.3
mk02,independent,0.15,3,2.75,0.4125
mk02,independent,0.15,4,3.5,0.525
mk02,independent,0.15,5,4.25,0.6375
mk02,independent,0.15,6,5.0,0.75
mk02,independent,0.3,1,5.5,1.65
mk02,independent,0.3,2,2.0,0.6
mk02,independent,0.3,3,2.75,0.825
mk02,independent,0.3,4,3.5,1.05
mk02,independent,0.3,5,4.25,1.275
mk02,independent,0.3,6,5.0,1.5
mk02,speed,0.05,1,6.0,0.30000000000000004
mk02,speed,0.05,2,3.584429498244152,0.1792214749122076
mk02,speed,0.05,3,2.0,0.1
mk02,speed,0.05,4,2.7634069400630916,0.1381703470031546
mk02,speed,0.05,5,2.525624450535245,0.12628122252676227
mk02,speed,0.05,6,4.458765209553851,0.22293826047769258
mk02,speed,0.15,1,6.0,0.8999999999999999
mk02,speed,0.15,2,3.584429498244152,0.5376644247366228
mk02,speed,0.15,3,2.0,0.3
mk02,speed,0.15,4,2.7634069400630916,0.41451104100946373
mk02,speed,0.15,5,2.525624450535245,0.37884366758028676
mk02,speed,0.15,6,4.458765209553851,0.6688147814330777
mk02,speed,0.3,1,6.0,1.7999999999999998
mk02,speed,0.3,2,3.584429498244152,1.0753288494732456
mk02,speed,0.3,3,2.0,0.6
mk02,speed,0.3,4,2.7634069400630916,0.8290220820189275
mk02,speed,0.3,5,2.525624450535245,0.7576873351605735
mk02,speed,0.3,6,4.458765209553851,1.3376295628661554
mk03,independent,0.05,1,5.5,0.275
mk03,independent,0.05,2,2.0,0.1
mk03,independent,0.05,3,2.75,0.1375
mk03,independent,0.05,4,3.5,0.17500000000000002
mk03,independent,0.05,5,4.25,0.21250000000000002
mk03,independent,0.05,6,5.0,0.25
mk03,independent,0.05,7,5.75,0.28750000000000003
mk03,independent,0.05,8,2.25,0.1125
mk03,independent,0.15,1,5.5,0.825
mk03,independent,0.15,2,2.0,0.3
mk03,independent,0.15,3,2.75,0.4125
mk03,independent,0.15,4,3.5,0.525
mk03,independent,0.15,5,4.25,0.6375
mk03,independent,0.15,6,5.0,0.75
mk03,independent,0.15,7,5.75,0.8624999999999999
mk03,independent,0.15,8,2.25,0.33749999999999997
mk03,independent,0.3,1,5.5,1.65
mk03,independent,0.3,2,2.0,0.6
mk03,independent,0.3,3,2.75,0.825
mk03,independent,0.3,4,3.5,1.05
mk03,independent,0.3,5,4.25,1.275
mk03,independent,0.3,6,5.0,1.5
mk03,independent,0.3,7,5.75,1.7249999999999999
mk03,independent,0.3,8,2.25,0.6749999999999999
mk03,speed,0.05,1,3.197673815791622,0.1598836907895811
mk03,speed,0.05,2,4.803889576136449,0.24019447880682243
mk03,speed,0.05,3,2.0,0.1
mk03,speed,0.05,4,5.057952494781114,0.2528976247390557
mk03,speed,0.05,5,6.0,0.30000000000000004
mk03,speed,0.05,6,3.429176593776664,0.1714588296888332
mk03,speed,0.05,7,4.235916969541433,0.21179584847707167
mk03,speed,0.05,8,2.8129107717950195,0.14064553858975098
mk03,speed,0.15,1,3.197673815791622,0.47965107236874327
mk03,speed,0.15,2,4.803889576136449,0.7205834364204673
mk03,speed,0.15,3,2.0,0.3
mk03,speed,0.15,4,5.057952494781114,0.7586928742171671
mk03,speed,0.15,5,6.0,0.8999999999999999
mk03,speed,0.15,6,3.429176593776664,0.5143764890664996
mk03,speed,0.15,7,4.235916969541433,0.635387545431215
mk03,speed,0.15,8,2.8129107717950195,0.4219366157692529
mk03,speed,0.3,1,3.197673815791622,0.9593021447374865
mk03,speed,0.3,2,4.803889576136449,1.4411668728409346
mk03,speed,0.3,3,2.0,0.6
mk03,speed,0.3,4,5.057952494781114,1.5173857484343343
mk03,speed,0.3,5,6.0,1.7999999999999998
mk03,speed,0.3,6,3.429176593776664,1.0287529781329992
mk03,speed,0.3,7,4.235916969541433,1.27077509086243
mk03,speed,0.3,8,2.8129107717950195,0.8438732315385058
mk04,independent,0.05,1,5.5,0.275
mk04,independent,0.05,2,2.0,0.1
mk04,independent,0.05,3,2.75,0.1375
mk04,independent,0.05,4,3.5,0.17500000000000002
mk04,independent,0.05,5,4.25,0.21250000000000002
mk04,independent,0.05,6,5.0,0.25
mk04,independent,0.05,7,5.75,0.28750000000000003
mk04,independent,0.05,8,2.25,0.1125
mk04,independent,0.15,1,5.5,0.825
mk04,independent,0.15,2,2.0,0.3
mk04,independent,0.15,3,2.75,0.4125
mk04,independent,0.15,4,3.5,0.525
mk04,independent,0.15,5,4.25,0.6375
mk04,independent,0.15,6,5.0,0.75
mk04,independent,0.15,7,5.75,0.8624999999999999
mk04,independent,0.15,8,2.25,0.33749999999999997
mk04,independent,0.3,1,5.5,1.65
mk04,independent,0.3,2,2.0,0.6
mk04,independent,0.3,3,2.75,0.825
mk04,independent,0.3,4,3.5,1.05
mk04,independent,0.3,5,4.25,1.275
mk04,independent,0.3,6,5.0,1.5
mk04,independent,0.3,7,5.75,1.7249999999999999
mk04,independent,0.3,8,2.25,0.6749999999999999
mk04,speed,0.05,1,2.6808510638297873,0.13404255319148936
mk04,speed,0.05,2,6.0,0.30000000000000004
mk04,speed,0.05,3,4.367647058823529,0.21838235294117647
mk04,speed,0.05,4,3.375,0.16875
mk04,speed,0.05,5,3.0,0.15000000000000002
mk04,speed,0.05,6,5.090909090909091,0.2545454545454546
mk04,speed,0.05,7,3.763636363636364,0.18818181818181823
mk04,speed,0.05,8,2.0,0.1
mk04,speed,0.15,1,2.6808510638297873,0.4021276595744681
mk04,speed,0.15,2,6.0,0.8999999999999999
mk04,speed,0.15,3,4.367647058823529,0.6551470588235293
mk04,speed,0.15,4,3.375,0.50625
mk04,speed,0.15,5,3.0,0.44999999999999996
mk04,speed,0.15,6,5.090909090909091,0.7636363636363636
mk04,speed,0.15,7,3.763636363636364,0.5645454545454546
mk04,speed,0.15,8,2.0,0.3
mk04,speed,0.3,1,2.6808510638297873,0.8042553191489362
mk04,speed,0.3,2,6.0,1.7999999999999998
mk04,speed,0.3,3,4.367647058823529,1.3102941176470586
mk04,speed,0.3,4,3.375,1.0125
mk04,speed,0.3,5,3.0,0.8999999999999999
mk04,speed,0.3,6,5.090909090909091,1.5272727272727271
mk04,speed,0.3,7,3.763636363636364,1.1290909090909091
mk04,speed,0.3,8,2.0,0.6
mk05,independent,0.05,1,5.5,0.275
mk05,independent,0.05,2,2.0,0.1
mk05,independent,0.05,3,2.75,0.1375
mk05,independent,0.05,4,3.5,0.17500000000000002
mk05,independent,0.15,1,5.5,0.825
mk05,independent,0.15,2,2.0,0.3
mk05,independent,0.15,3,2.75,0.4125
mk05,independent,0.15,4,3.5,0.525
mk05,independent,0.3,1,5.5,1.65
mk05,independent,0.3,2,2.0,0.6
mk05,independent,0.3,3,2.75,0.825
mk05,independent,0.3,4,3.5,1.05
mk05,speed,0.05,1,3.0491327900444833,0.15245663950222418
mk05,speed,0.05,2,6.0,0.30000000000000004
mk05,speed,0.05,3,2.0,0.1
mk05,speed,0.05,4,2.7651539338654527,0.13825769669327265
mk05,speed,0.15,1,3.0491327900444833,0.45736991850667247
mk05,speed,0.15,2,6.0,0.8999999999999999
mk05,speed,0.15,3,2.0,0.3
mk05,speed,0.15,4,2.7651539338654527,0.4147730900798179
mk05,speed,0.3,1,3.0491327900444833,0.9147398370133449
mk05,speed,0.3,2,6.0,1.7999999999999998
mk05,speed,0.3,3,2.0,0.6
mk05,speed,0.3,4,2.7651539338654527,0.8295461801596358
mk06,independent,0.05,1,5.5,0.275
mk06,independent,0.05,2,2.0,0.1
mk06,independent,0.05,3,2.75,0.1375
mk06,independent,0.05,4,3.5,0.17500000000000002
mk06,independent,0.05,5,4.25,0.21250000000000002
mk06,independent,0.05,6,5.0,0.25
mk06,independent,0.05,7,5.75,0.28750000000000003
mk06,independent,0.05,8,2.25,0.1125
mk06,independent,0.05,9,3.0,0.15000000000000002
mk06,independent,0.05,10,3.75,0.1875
mk06,independent,0.15,1,5.5,0.825
mk06,independent,0.15,2,2.0,0.3
mk06,independent,0.15,3,2.75,0.4125
mk06,independent,0.15,4,3.5,0.525
mk06,independent,0.15,5,4.25,0.6375
mk06,independent,0.15,6,5.0,0.75
mk06,independent,0.15,7,5.75,0.8624999999999999
mk06,independent,0.15,8,2.25,0.33749999999999997
mk06,independent,0.15,9,3.0,0.44999999999999996
mk06,independent,0.15,10,3.75,0.5625
mk06,independent,0.3,1,5.5,1.65
mk06,independent,0.3,2,2.0,0.6
mk06,independent,0.3,3,2.75,0.825
mk06,independent,0.3,4,3.5,1.05
mk06,independent,0.3,5,4.25,1.275
mk06,independent,0.3,6,5.0,1.5
mk06,independent,0.3,7,5.75,1.7249999999999999
mk06,independent,0.3,8,2.25,0.6749999999999999
mk06,independent,0.3,9,3.0,0.8999999999999999
mk06,independent,0.3,10,3.75,1.125
mk06,speed,0.05,1,4.354838709677418,0.2177419354838709
mk06,speed,0.05,2,2.884615384615384,0.14423076923076922
mk06,speed,0.05,3,2.0,0.1
mk06,speed,0.05,4,2.8571428571428568,0.14285714285714285
mk06,speed,0.05,5,2.0930232558139537,0.1046511627906977
mk06,speed,0.05,6,6.0,0.30000000000000004
mk06,speed,0.05,7,3.333333333333333,0.16666666666666666
mk06,speed,0.05,8,2.368421052631579,0.11842105263157897
mk06,speed,0.05,9,4.285714285714285,0.21428571428571425
mk06,speed,0.05,10,2.8571428571428568,0.14285714285714285
mk06,speed,0.15,1,4.354838709677418,0.6532258064516127
mk06,speed,0.15,2,2.884615384615384,0.4326923076923076
mk06,speed,0.15,3,2.0,0.3
mk06,speed,0.15,4,2.8571428571428568,0.4285714285714285
mk06,speed,0.15,5,2.0930232558139537,0.313953488372093
mk06,speed,0.15,6,6.0,0.8999999999999999
mk06,speed,0.15,7,3.333333333333333,0.49999999999999994
mk06,speed,0.15,8,2.368421052631579,0.3552631578947369
mk06,speed,0.15,9,4.285714285714285,0.6428571428571427
mk06,speed,0.15,10,2.8571428571428568,0.4285714285714285
mk06,speed,0.3,1,4.354838709677418,1.3064516129032253
mk06,speed,0.3,2,2.884615384615384,0.8653846153846152
mk06,speed,0.3,3,2.0,0.6
mk06,speed,0.3,4,2.8571428571428568,0.857142857142857
mk06,speed,0.3,5,2.0930232558139537,0.627906976744186
mk06,speed,0.3,6,6.0,1.7999999999999998
mk06,speed,0.3,7,3.333333333333333,0.9999999999999999
mk06,speed,0.3,8,2.368421052631579,0.7105263157894738
mk06,speed,0.3,9,4.285714285714285,1.2857142857142854
mk06,speed,0.3,10,2.8571428571428568,0.857142857142857
mk07,independent,0.05,1,5.5,0.275
mk07,independent,0.05,2,2.0,0.1
mk07,independent,0.05,3,2.75,0.1375
mk07,independent,0.05,4,3.5,0.17500000000000002
mk07,independent,0.05,5,4.25,0.21250000000000002
mk07,independent,0.15,1,5.5,0.825
mk07,independent,0.15,2,2.0,0.3
mk07,independent,0.15,3,2.75,0.4125
mk07,independent,0.15,4,3.5,0.525
mk07,independent,0.15,5,4.25,0.6375
mk07,independent,0.3,1,5.5,1.65
mk07,independent,0.3,2,2.0,0.6
mk07,independent,0.3,3,2.75,0.825
mk07,independent,0.3,4,3.5,1.05
mk07,independent,0.3,5,4.25,1.275
mk07,speed,0.05,1,4.557217092282159,0.227860854614108
mk07,speed,0.05,2,4.010969176316858,0.20054845881584293
mk07,speed,0.05,3,2.0,0.1
mk07,speed,0.05,4,2.1342208679323766,0.10671104339661884
mk07,speed,0.05,5,6.0,0.30000000000000004
mk07,speed,0.15,1,4.557217092282159,0.6835825638423239
mk07,speed,0.15,2,4.010969176316858,0.6016453764475287
mk07,speed,0.15,3,2.0,0.3
mk07,speed,0.15,4,2.1342208679323766,0.3201331301898565
mk07,speed,0.15,5,6.0,0.8999999999999999
mk07,speed,0.3,1,4.557217092282159,1.3671651276846477
mk07,speed,0.3,2,4.010969176316858,1.2032907528950574
mk07,speed,0.3,3,2.0,0.6
mk07,speed,0.3,4,2.1342208679323766,0.640266260379713
mk07,speed,0.3,5,6.0,1.7999999999999998
mk08,independent,0.05,1,5.5,0.275
mk08,independent,0.05,2,2.0,0.1
mk08,independent,0.05,3,2.75,0.1375
mk08,independent,0.05,4,3.5,0.17500000000000002
mk08,independent,0.05,5,4.25,0.21250000000000002
mk08,independent,0.05,6,5.0,0.25
mk08,independent,0.05,7,5.75,0.28750000000000003
mk08,independent,0.05,8,2.25,0.1125
mk08,independent,0.05,9,3.0,0.15000000000000002
mk08,independent,0.05,10,3.75,0.1875
mk08,independent,0.15,1,5.5,0.825
mk08,independent,0.15,2,2.0,0.3
mk08,independent,0.15,3,2.75,0.4125
mk08,independent,0.15,4,3.5,0.525
mk08,independent,0.15,5,4.25,0.6375
mk08,independent,0.15,6,5.0,0.75
mk08,independent,0.15,7,5.75,0.8624999999999999
mk08,independent,0.15,8,2.25,0.33749999999999997
mk08,independent,0.15,9,3.0,0.44999999999999996
mk08,independent,0.15,10,3.75,0.5625
mk08,independent,0.3,1,5.5,1.65
mk08,independent,0.3,2,2.0,0.6
mk08,independent,0.3,3,2.75,0.825
mk08,independent,0.3,4,3.5,1.05
mk08,independent,0.3,5,4.25,1.275
mk08,independent,0.3,6,5.0,1.5
mk08,independent,0.3,7,5.75,1.7249999999999999
mk08,independent,0.3,8,2.25,0.6749999999999999
mk08,independent,0.3,9,3.0,0.8999999999999999
mk08,independent,0.3,10,3.75,1.125
mk08,speed,0.05,1,2.056722017479839,0.10283610087399196
mk08,speed,0.05,2,2.562776025236593,0.12813880126182967
mk08,speed,0.05,3,2.0415846739768826,0.10207923369884414
mk08,speed,0.05,4,2.1650806893135544,0.10825403446567772
mk08,speed,0.05,5,2.1295721771775686,0.10647860885887844
mk08,speed,0.05,6,6.0,0.30000000000000004
mk08,speed,0.05,7,2.036886819221204,0.10184434096106021
mk08,speed,0.05,8,2.0,0.1
mk08,speed,0.05,9,2.2931898311375023,0.11465949155687512
mk08,speed,0.05,10,2.006042564535478,0.1003021282267739
mk08,speed,0.15,1,2.056722017479839,0.30850830262197587
mk08,speed,0.15,2,2.562776025236593,0.38441640378548897
mk08,speed,0.15,3,2.0415846739768826,0.30623770109653237
mk08,speed,0.15,4,2.1650806893135544,0.32476210339703315
mk08,speed,0.15,5,2.1295721771775686,0.3194358265766353
mk08,speed,0.15,6,6.0,0.8999999999999999
mk08,speed,0.15,7,2.036886819221204,0.3055330228831806
mk08,speed,0.15,8,2.0,0.3
mk08,speed,0.15,9,2.2931898311375023,0.3439784746706253
mk08,speed,0.15,10,2.006042564535478,0.30090638468032166
mk08,speed,0.3,1,2.056722017479839,0.6170166052439517
mk08,speed,0.3,2,2.562776025236593,0.7688328075709779
mk08,speed,0.3,3,2.0415846739768826,0.6124754021930647
mk08,speed,0.3,4,2.1650806893135544,0.6495242067940663
mk08,speed,0.3,5,2.1295721771775686,0.6388716531532705
mk08,speed,0.3,6,6.0,1.7999999999999998
mk08,speed,0.3,7,2.036886819221204,0.6110660457663613
mk08,speed,0.3,8,2.0,0.6
mk08,speed,0.3,9,2.2931898311375023,0.6879569493412506
mk08,speed,0.3,10,2.006042564535478,0.6018127693606433
mk09,independent,0.05,1,5.5,0.275
mk09,independent,0.05,2,2.0,0.1
mk09,independent,0.05,3,2.75,0.1375
mk09,independent,0.05,4,3.5,0.17500000000000002
mk09,independent,0.05,5,4.25,0.21250000000000002
mk09,independent,0.05,6,5.0,0.25
mk09,independent,0.05,7,5.75,0.28750000000000003
mk09,independent,0.05,8,2.25,0.1125
mk09,independent,0.05,9,3.0,0.15000000000000002
mk09,independent,0.05,10,3.75,0.1875
mk09,independent,0.15,1,5.5,0.825
mk09,independent,0.15,2,2.0,0.3
mk09,independent,0.15,3,2.75,0.4125
mk09,independent,0.15,4,3.5,0.525
mk09,independent,0.15,5,4.25,0.6375
mk09,independent,0.15,6,5.0,0.75
mk09,independent,0.15,7,5.75,0.8624999999999999
mk09,independent,0.15,8,2.25,0.33749999999999997
mk09,independent,0.15,9,3.0,0.44999999999999996
mk09,independent,0.15,10,3.75,0.5625
mk09,independent,0.3,1,5.5,1.65
mk09,independent,0.3,2,2.0,0.6
mk09,independent,0.3,3,2.75,0.825
mk09,independent,0.3,4,3.5,1.05
mk09,independent,0.3,5,4.25,1.275
mk09,independent,0.3,6,5.0,1.5
mk09,independent,0.3,7,5.75,1.7249999999999999
mk09,independent,0.3,8,2.25,0.6749999999999999
mk09,independent,0.3,9,3.0,0.8999999999999999
mk09,independent,0.3,10,3.75,1.125
mk09,speed,0.05,1,3.652950546621846,0.18264752733109232
mk09,speed,0.05,2,6.0,0.30000000000000004
mk09,speed,0.05,3,3.9082092903101673,0.19541046451550836
mk09,speed,0.05,4,4.73200608939691,0.23660030446984548
mk09,speed,0.05,5,5.5291180641088005,0.27645590320544006
mk09,speed,0.05,6,2.901304330749428,0.1450652165374714
mk09,speed,0.05,7,4.753155323990441,0.23765776619952206
mk09,speed,0.05,8,2.0,0.1
mk09,speed,0.05,9,3.963087323603224,0.19815436618016122
mk09,speed,0.05,10,2.6139724484859115,0.13069862242429559
mk09,speed,0.15,1,3.652950546621846,0.547942581993277
mk09,speed,0.15,2,6.0,0.8999999999999999
mk09,speed,0.15,3,3.9082092903101673,0.5862313935465251
mk09,speed,0.15,4,4.73200608939691,0.7098009134095364
mk09,speed,0.15,5,5.5291180641088005,0.82936770961632
mk09,speed,0.15,6,2.901304330749428,0.4351956496124142
mk09,speed,0.15,7,4.753155323990441,0.7129732985985662
mk09,speed,0.15,8,2.0,0.3
mk09,speed,0.15,9,3.963087323603224,0.5944630985404836
mk09,speed,0.15,10,2.6139724484859115,0.3920958672728867
mk09,speed,0.3,1,3.652950546621846,1.095885163986554
mk09,speed,0.3,2,6.0,1.7999999999999998
mk09,speed,0.3,3,3.9082092903101673,1.1724627870930502
mk09,speed,0.3,4,4.73200608939691,1.4196018268190729
mk09,speed,0.3,5,5.5291180641088005,1.65873541923264
mk09,speed,0.3,6,2.901304330749428,0.8703912992248284
mk09,speed,0.3,7,4.753155323990441,1.4259465971971323
mk09,speed,0.3,8,2.0,0.6
mk09,speed,0.3,9,3.963087323603224,1.1889261970809673
mk09,speed,0.3,10,2.6139724484859115,0.7841917345457734
mk10,independent,0.05,1,5.5,0.275
mk10,independent,0.05,2,2.0,0.1
mk10,independent,0.05,3,2.75,0.1375
mk10,independent,0.05,4,3.5,0.17500000000000002
mk10,independent,0.05,5,4.25,0.21250000000000002
mk10,independent,0.05,6,5.0,0.25
mk10,independent,0.05,7,5.75,0.28750000000000003
mk10,independent,0.05,8,2.25,0.1125
mk10,independent,0.05,9,3.0,0.15000000000000002
mk10,independent,0.05,10,3.75,0.1875
mk10,independent,0.05,11,4.5,0.225
mk10,independent,0.05,12,5.25,0.2625
mk10,independent,0.05,13,6.0,0.30000000000000004
mk10,independent,0.05,14,2.5,0.125
mk10,independent,0.05,15,3.25,0.1625
mk10,independent,0.15,1,5.5,0.825
mk10,independent,0.15,2,2.0,0.3
mk10,independent,0.15,3,2.75,0.4125
mk10,independent,0.15,4,3.5,0.525
mk10,independent,0.15,5,4.25,0.6375
mk10,independent,0.15,6,5.0,0.75
mk10,independent,0.15,7,5.75,0.8624999999999999
mk10,independent,0.15,8,2.25,0.33749999999999997
mk10,independent,0.15,9,3.0,0.44999999999999996
mk10,independent,0.15,10,3.75,0.5625
mk10,independent,0.15,11,4.5,0.6749999999999999
mk10,independent,0.15,12,5.25,0.7875
mk10,independent,0.15,13,6.0,0.8999999999999999
mk10,independent,0.15,14,2.5,0.375
mk10,independent,0.15,15,3.25,0.4875
mk10,independent,0.3,1,5.5,1.65
mk10,independent,0.3,2,2.0,0.6
mk10,independent,0.3,3,2.75,0.825
mk10,independent,0.3,4,3.5,1.05
mk10,independent,0.3,5,4.25,1.275
mk10,independent,0.3,6,5.0,1.5
mk10,independent,0.3,7,5.75,1.7249999999999999
mk10,independent,0.3,8,2.25,0.6749999999999999
mk10,independent,0.3,9,3.0,0.8999999999999999
mk10,independent,0.3,10,3.75,1.125
mk10,independent,0.3,11,4.5,1.3499999999999999
mk10,independent,0.3,12,5.25,1.575
mk10,independent,0.3,13,6.0,1.7999999999999998
mk10,independent,0.3,14,2.5,0.75
mk10,independent,0.3,15,3.25,0.975
mk10,speed,0.05,1,2.0040640317676988,0.10020320158838494
mk10,speed,0.05,2,2.037805782060786,0.10189028910303931
mk10,speed,0.05,3,2.0330715858573267,0.10165357929286634
mk10,speed,0.05,4,2.0809014084507043,0.10404507042253522
mk10,speed,0.05,5,2.0474425500370645,0.10237212750185323
mk10,speed,0.05,6,2.0336377237785688,0.10168188618892844
mk10,speed,0.05,7,2.0340888774111523,0.10170444387055762
mk10,speed,0.05,8,2.0225737989581325,0.10112868994790664
mk10,speed,0.05,9,2.0220419645093544,0.10110209822546773
mk10,speed,0.05,10,2.0,0.1
mk10,speed,0.05,11,6.0,0.30000000000000004
mk10,speed,0.05,12,6.0,0.30000000000000004
mk10,speed,0.05,13,2.030729833546735,0.10153649167733676
mk10,speed,0.05,14,6.0,0.30000000000000004
mk10,speed,0.05,15,6.0,0.30000000000000004
mk10,speed,0.15,1,2.0040640317676988,0.3006096047651548
mk10,speed,0.15,2,2.037805782060786,0.3056708673091179
mk10,speed,0.15,3,2.0330715858573267,0.304960737878599
mk10,speed,0.15,4,2.0809014084507043,0.31213521126760563
mk10,speed,0.15,5,2.0474425500370645,0.30711638250555967
mk10,speed,0.15,6,2.0336377237785688,0.3050456585667853
mk10,speed,0.15,7,2.0340888774111523,0.3051133316116728
mk10,speed,0.15,8,2.0225737989581325,0.30338606984371985
mk10,speed,0.15,9,2.0220419645093544,0.30330629467640313
mk10,speed,0.15,10,2.0,0.3
mk10,speed,0.15,11,6.0,0.8999999999999999
mk10,speed,0.15,12,6.0,0.8999999999999999
mk10,speed,0.15,13,2.030729833546735,0.30460947503201025
mk10,speed,0.15,14,6.0,0.8999999999999999
mk10,speed,0.15,15,6.0,0.8999999999999999
mk10,speed,0.3,1,2.0040640317676988,0.6012192095303096
mk10,speed,0.3,2,2.037805782060786,0.6113417346182358
mk10,speed,0.3,3,2.0330715858573267,0.609921475757198
mk10,speed,0.3,4,2.0809014084507043,0.6242704225352113
mk10,speed,0.3,5,2.0474425500370645,0.6142327650111193
mk10,speed,0.3,6,2.0336377237785688,0.6100913171335706
mk10,speed,0.3,7,2.0340888774111523,0.6102266632233456
mk10,speed,0.3,8,2.0225737989581325,0.6067721396874397
mk10,speed,0.3,9,2.0220419645093544,0.6066125893528063
mk10,speed,0.3,10,2.0,0.6
mk10,speed,0.3,11,6.0,1.7999999999999998
mk10,speed,0.3,12,6.0,1.7999999999999998
mk10,speed,0.3,13,2.030729833546735,0.6092189500640205
mk10,speed,0.3,14,6.0,1.7999999999999998
mk10,speed,0.3,15,6.0,1.7999999999999998
mk11,independent,0.05,1,5.5,0.275
mk11,independent,0.05,2,2.0,0.1
mk11,independent,0.05,3,2.75,0.1375
mk11,independent,0.05,4,3.5,0.17500000000000002
mk11,independent,0.05,5,4.25,0.21250000000000002
mk11,independent,0.15,1,5.5,0.825
mk11,independent,0.15,2,2.0,0.3
mk11,independent,0.15,3,2.75,0.4125
mk11,independent,0.15,4,3.5,0.525
mk11,independent,0.15,5,4.25,0.6375
mk11,independent,0.3,1,5.5,1.65
mk11,independent,0.3,2,2.0,0.6
mk11,independent,0.3,3,2.75,0.825
mk11,independent,0.3,4,3.5,1.05
mk11,independent,0.3,5,4.25,1.275
mk11,speed,0.05,1,2.3216638589370735,0.11608319294685368
mk11,speed,0.05,2,6.0,0.30000000000000004
mk11,speed,0.05,3,5.029069830435018,0.25145349152175095
mk11,speed,0.05,4,3.9645529074817283,0.19822764537408644
mk11,speed,0.05,5,2.0,0.1
mk11,speed,0.15,1,2.3216638589370735,0.348249578840561
mk11,speed,0.15,2,6.0,0.8999999999999999
mk11,speed,0.15,3,5.029069830435018,0.7543604745652527
mk11,speed,0.15,4,3.9645529074817283,0.5946829361222592
mk11,speed,0.15,5,2.0,0.3
mk11,speed,0.3,1,2.3216638589370735,0.696499157681122
mk11,speed,0.3,2,6.0,1.7999999999999998
mk11,speed,0.3,3,5.029069830435018,1.5087209491305054
mk11,speed,0.3,4,3.9645529074817283,1.1893658722445184
mk11,speed,0.3,5,2.0,0.6
mk12,independent,0.05,1,5.5,0.275
mk12,independent,0.05,2,2.0,0.1
mk12,independent,0.05,3,2.75,0.1375
mk12,independent,0.05,4,3.5,0.17500000000000002
mk12,independent,0.05,5,4.25,0.21250000000000002
mk12,independent,0.05,6,5.0,0.25
mk12,independent,0.05,7,5.75,0.28750000000000003
mk12,independent,0.05,8,2.25,0.1125
mk12,independent,0.05,9,3.0,0.15000000000000002
mk12,independent,0.05,10,3.75,0.1875
mk12,independent,0.15,1,5.5,0.825
mk12,independent,0.15,2,2.0,0.3
mk12,independent,0.15,3,2.75,0.4125
mk12,independent,0.15,4,3.5,0.525
mk12,independent,0.15,5,4.25,0.6375
mk12,independent,0.15,6,5.0,0.75
mk12,independent,0.15,7,5.75,0.8624999999999999
mk12,independent,0.15,8,2.25,0.33749999999999997
mk12,independent,0.15,9,3.0,0.44999999999999996
mk12,independent,0.15,10,3.75,0.5625
mk12,independent,0.3,1,5.5,1.65
mk12,independent,0.3,2,2.0,0.6
mk12,independent,0.3,3,2.75,0.825
mk12,independent,0.3,4,3.5,1.05
mk12,independent,0.3,5,4.25,1.275
mk12,independent,0.3,6,5.0,1.5
mk12,independent,0.3,7,5.75,1.7249999999999999
mk12,independent,0.3,8,2.25,0.6749999999999999
mk12,independent,0.3,9,3.0,0.8999999999999999
mk12,independent,0.3,10,3.75,1.125
mk12,speed,0.05,1,4.46667935659394,0.22333396782969703
mk12,speed,0.05,2,3.7930736377498633,0.18965368188749318
mk12,speed,0.05,3,5.679844669495004,0.2839922334747502
mk12,speed,0.05,4,2.5689823648730523,0.12844911824365263
mk12,speed,0.05,5,2.0,0.1
mk12,speed,0.05,6,3.0533368542994657,0.1526668427149733
mk12,speed,0.05,7,3.969685430420223,0.19848427152101117
mk12,speed,0.05,8,2.749814192923541,0.13749070964617705
mk12,speed,0.05,9,6.0,0.30000000000000004
mk12,speed,0.05,10,2.262782360262273,0.11313911801311366
mk12,speed,0.15,1,4.46667935659394,0.670001903489091
mk12,speed,0.15,2,3.7930736377498633,0.5689610456624795
mk12,speed,0.15,3,5.679844669495004,0.8519767004242507
mk12,speed,0.15,4,2.5689823648730523,0.3853473547309578
mk12,speed,0.15,5,2.0,0.3
mk12,speed,0.15,6,3.0533368542994657,0.4580005281449198
mk12,speed,0.15,7,3.969685430420223,0.5954528145630335
mk12,speed,0.15,8,2.749814192923541,0.41247212893853114
mk12,speed,0.15,9,6.0,0.8999999999999999
mk12,speed,0.15,10,2.262782360262273,0.3394173540393409
mk12,speed,0.3,1,4.46667935659394,1.340003806978182
mk12,speed,0.3,2,3.7930736377498633,1.137922091324959
mk12,speed,0.3,3,5.679844669495004,1.7039534008485013
mk12,speed,0.3,4,2.5689823648730523,0.7706947094619157
mk12,speed,0.3,5,2.0,0.6
mk12,speed,0.3,6,3.0533368542994657,0.9160010562898396
mk12,speed,0.3,7,3.969685430420223,1.190905629126067
mk12,speed,0.3,8,2.749814192923541,0.8249442578770623
mk12,speed,0.3,9,6.0,1.7999999999999998
mk12,speed,0.3,10,2.262782360262273,0.6788347080786818
mk13,independent,0.05,1,5.5,0.275
mk13,independent,0.05,2,2.0,0.1
mk13,independent,0.05,3,2.75,0.1375
mk13,independent,0.05,4,3.5,0.17500000000000002
mk13,independent,0.05,5,4.25,0.21250000000000002
mk13,independent,0.05,6,5.0,0.25
mk13,independent,0.05,7,5.75,0.28750000000000003
mk13,independent,0.05,8,2.25,0.1125
mk13,independent,0.05,9,3.0,0.15000000000000002
mk13,independent,0.05,10,3.75,0.1875
mk13,independent,0.15,1,5.5,0.825
mk13,independent,0.15,2,2.0,0.3
mk13,independent,0.15,3,2.75,0.4125
mk13,independent,0.15,4,3.5,0.525
mk13,independent,0.15,5,4.25,0.6375
mk13,independent,0.15,6,5.0,0.75
mk13,independent,0.15,7,5.75,0.8624999999999999
mk13,independent,0.15,8,2.25,0.33749999999999997
mk13,independent,0.15,9,3.0,0.44999999999999996
mk13,independent,0.15,10,3.75,0.5625
mk13,independent,0.3,1,5.5,1.65
mk13,independent,0.3,2,2.0,0.6
mk13,independent,0.3,3,2.75,0.825
mk13,independent,0.3,4,3.5,1.05
mk13,independent,0.3,5,4.25,1.275
mk13,independent,0.3,6,5.0,1.5
mk13,independent,0.3,7,5.75,1.7249999999999999
mk13,independent,0.3,8,2.25,0.6749999999999999
mk13,independent,0.3,9,3.0,0.8999999999999999
mk13,independent,0.3,10,3.75,1.125
mk13,speed,0.05,1,2.2517160902255653,0.11258580451127827
mk13,speed,0.05,2,3.252549258517036,0.1626274629258518
mk13,speed,0.05,3,6.0,0.30000000000000004
mk13,speed,0.05,4,4.307391441765009,0.21536957208825047
mk13,speed,0.05,5,2.772366698564595,0.13861833492822975
mk13,speed,0.05,6,2.0,0.1
mk13,speed,0.05,7,3.381017914110431,0.16905089570552156
mk13,speed,0.05,8,2.6801729275970643,0.1340086463798532
mk13,speed,0.05,9,2.09697113249445,0.1048485566247225
mk13,speed,0.05,10,3.730205350318472,0.1865102675159236
mk13,speed,0.15,1,2.2517160902255653,0.33775741353383476
mk13,speed,0.15,2,3.252549258517036,0.48788238877755535
mk13,speed,0.15,3,6.0,0.8999999999999999
mk13,speed,0.15,4,4.307391441765009,0.6461087162647514
mk13,speed,0.15,5,2.772366698564595,0.41585500478468923
mk13,speed,0.15,6,2.0,0.3
mk13,speed,0.15,7,3.381017914110431,0.5071526871165646
mk13,speed,0.15,8,2.6801729275970643,0.40202593913955964
mk13,speed,0.15,9,2.09697113249445,0.3145456698741675
mk13,speed,0.15,10,3.730205350318472,0.5595308025477708
mk13,speed,0.3,1,2.2517160902255653,0.6755148270676695
mk13,speed,0.3,2,3.252549258517036,0.9757647775551107
mk13,speed,0.3,3,6.0,1.7999999999999998
mk13,speed,0.3,4,4.307391441765009,1.2922174325295028
mk13,speed,0.3,5,2.772366698564595,0.8317100095693785
mk13,speed,0.3,6,2.0,0.6
mk13,speed,0.3,7,3.381017914110431,1.0143053742331292
mk13,speed,0.3,8,2.6801729275970643,0.8040518782791193
mk13,speed,0.3,9,2.09697113249445,0.629091339748335
mk13,speed,0.3,10,3.730205350318472,1.1190616050955415
mk14,independent,0.05,1,5.5,0.275
mk14,independent,0.05,2,2.0,0.1
mk14,independent,0.05,3,2.75,0.1375
mk14,independent,0.05,4,3.5,0.17500000000000002
mk14,independent,0.05,5,4.25,0.21250000000000002
mk14,independent,0.05,6,5.0,0.25
mk14,independent,0.05,7,5.75,0.28750000000000003
mk14,independent,0.05,8,2.25,0.1125
mk14,independent,0.05,9,3.0,0.15000000000000002
mk14,independent,0.05,10,3.75,0.1875
mk14,independent,0.05,11,4.5,0.225
mk14,independent,0.05,12,5.25,0.2625
mk14,independent,0.05,13,6.0,0.30000000000000004
mk14,independent,0.05,14,2.5,0.125
mk14,independent,0.05,15,3.25,0.1625
mk14,independent,0.15,1,5.5,0.825
mk14,independent,0.15,2,2.0,0.3
mk14,independent,0.15,3,2.75,0.4125
mk14,independent,0.15,4,3.5,0.525
mk14,independent,0.15,5,4.25,0.6375
mk14,independent,0.15,6,5.0,0.75
mk14,independent,0.15,7,5.75,0.8624999999999999
mk14,independent,0.15,8,2.25,0.33749999999999997
mk14,independent,0.15,9,3.0,0.44999999999999996
mk14,independent,0.15,10,3.75,0.5625
mk14,independent,0.15,11,4.5,0.6749999999999999
mk14,independent,0.15,12,5.25,0.7875
mk14,independent,0.15,13,6.0,0.8999999999999999
mk14,independent,0.15,14,2.5,0.375
mk14,independent,0.15,15,3.25,0.4875
mk14,independent,0.3,1,5.5,1.65
mk14,independent,0.3,2,2.0,0.6
mk14,independent,0.3,3,2.75,0.825
mk14,independent,0.3,4,3.5,1.05
mk14,independent,0.3,5,4.25,1.275
mk14,independent,0.3,6,5.0,1.5
mk14,independent,0.3,7,5.75,1.7249999999999999
mk14,independent,0.3,8,2.25,0.6749999999999999
mk14,independent,0.3,9,3.0,0.8999999999999999
mk14,independent,0.3,10,3.75,1.125
mk14,independent,0.3,11,4.5,1.3499999999999999
mk14,independent,0.3,12,5.25,1.575
mk14,independent,0.3,13,6.0,1.7999999999999998
mk14,independent,0.3,14,2.5,0.75
mk14,independent,0.3,15,3.25,0.975
mk14,speed,0.05,1,6.0,0.30000000000000004
mk14,speed,0.05,2,3.4712195121951224,0.17356097560975614
mk14,speed,0.05,3,3.9536842105263155,0.1976842105263158
mk14,speed,0.05,4,5.7743283582089555,0.2887164179104478
mk14,speed,0.05,5,2.3539793814433,0.117698969072165
mk14,speed,0.05,6,3.2241702127659577,0.16120851063829789
mk14,speed,0.05,7,4.729411764705882,0.23647058823529413
mk14,speed,0.05,8,2.8069565217391306,0.14034782608695653
mk14,speed,0.05,9,3.6842307692307696,0.18421153846153848
mk14,speed,0.05,10,3.03675,0.15183750000000001
mk14,speed,0.05,11,3.0236528028933094,0.15118264014466548
mk14,speed,0.05,12,4.7542664418212475,0.23771332209106238
mk14,speed,0.05,13,4.740265095729012,0.23701325478645063
mk14,speed,0.05,14,3.826567164179105,0.19132835820895525
mk14,speed,0.05,15,2.0,0.1
mk14,speed,0.15,1,6.0,0.8999999999999999
mk14,speed,0.15,2,3.4712195121951224,0.5206829268292683
mk14,speed,0.15,3,3.9536842105263155,0.5930526315789473
mk14,speed,0.15,4,5.7743283582089555,0.8661492537313433
mk14,speed,0.15,5,2.3539793814433,0.35309690721649495
mk14,speed,0.15,6,3.2241702127659577,0.48362553191489366
mk14,speed,0.15,7,4.729411764705882,0.7094117647058823
mk14,speed,0.15,8,2.8069565217391306,0.4210434782608696
mk14,speed,0.15,9,3.6842307692307696,0.5526346153846154
mk14,speed,0.15,10,3.03675,0.4555125
mk14,speed,0.15,11,3.0236528028933094,0.4535479204339964
mk14,speed,0.15,12,4.7542664418212475,0.7131399662731871
mk14,speed,0.15,13,4.740265095729012,0.7110397643593518
mk14,speed,0.15,14,3.826567164179105,0.5739850746268657
mk14,speed,0.15,15,2.0,0.3
mk14,speed,0.3,1,6.0,1.7999999999999998
mk14,speed,0.3,2,3.4712195121951224,1.0413658536585366
mk14,speed,0.3,3,3.9536842105263155,1.1861052631578946
mk14,speed,0.3,4,5.7743283582089555,1.7322985074626867
mk14,speed,0.3,5,2.3539793814433,0.7061938144329899
mk14,speed,0.3,6,3.2241702127659577,0.9672510638297873
mk14,speed,0.3,7,4.729411764705882,1.4188235294117646
mk14,speed,0.3,8,2.8069565217391306,0.8420869565217391
mk14,speed,0.3,9,3.6842307692307696,1.105269230769231
mk14,speed,0.3,10,3.03675,0.911025
mk14,speed,0.3,11,3.0236528028933094,0.9070958408679928
mk14,speed,0.3,12,4.7542664418212475,1.4262799325463742
mk14,speed,0.3,13,4.740265095729012,1.4220795287187036
mk14,speed,0.3,14,3.826567164179105,1.1479701492537313
mk14,speed,0.3,15,2.0,0.6
mk15,independent,0.05,1,5.5,0.275
mk15,independent,0.05,2,2.0,0.1
mk15,independent,0.05,3,2.75,0.1375
mk15,independent,0.05,4,3.5,0.17500000000000002
mk15,independent,0.05,5,4.25,0.21250000000000002
mk15,independent,0.05,6,5.0,0.25
mk15,independent,0.05,7,5.75,0.28750000000000003
mk15,independent,0.05,8,2.25,0.1125
mk15,independent,0.05,9,3.0,0.15000000000000002
mk15,independent,0.05,10,3.75,0.1875
mk15,independent,0.05,11,4.5,0.225
mk15,independent,0.05,12,5.25,0.2625
mk15,independent,0.05,13,6.0,0.30000000000000004
mk15,independent,0.05,14,2.5,0.125
mk15,independent,0.05,15,3.25,0.1625
mk15,independent,0.15,1,5.5,0.825
mk15,independent,0.15,2,2.0,0.3
mk15,independent,0.15,3,2.75,0.4125
mk15,independent,0.15,4,3.5,0.525
mk15,independent,0.15,5,4.25,0.6375
mk15,independent,0.15,6,5.0,0.75
mk15,independent,0.15,7,5.75,0.8624999999999999
mk15,independent,0.15,8,2.25,0.33749999999999997
mk15,independent,0.15,9,3.0,0.44999999999999996
mk15,independent,0.15,10,3.75,0.5625
mk15,independent,0.15,11,4.5,0.6749999999999999
mk15,independent,0.15,12,5.25,0.7875
mk15,independent,0.15,13,6.0,0.8999999999999999
mk15,independent,0.15,14,2.5,0.375
mk15,independent,0.15,15,3.25,0.4875
mk15,independent,0.3,1,5.5,1.65
mk15,independent,0.3,2,2.0,0.6
mk15,independent,0.3,3,2.75,0.825
mk15,independent,0.3,4,3.5,1.05
mk15,independent,0.3,5,4.25,1.275
mk15,independent,0.3,6,5.0,1.5
mk15,independent,0.3,7,5.75,1.7249999999999999
mk15,independent,0.3,8,2.25,0.6749999999999999
mk15,independent,0.3,9,3.0,0.8999999999999999
mk15,independent,0.3,10,3.75,1.125
mk15,independent,0.3,11,4.5,1.3499999999999999
mk15,independent,0.3,12,5.25,1.575
mk15,independent,0.3,13,6.0,1.7999999999999998
mk15,independent,0.3,14,2.5,0.75
mk15,independent,0.3,15,3.25,0.975
mk15,speed,0.05,1,3.7240236882775553,0.18620118441387778
mk15,speed,0.05,2,4.183032734793731,0.20915163673968654
mk15,speed,0.05,3,3.0407222228976467,0.15203611114488236
mk15,speed,0.05,4,5.226822382041825,0.2613411191020913
mk15,speed,0.05,5,6.0,0.30000000000000004
mk15,speed,0.05,6,3.7235956349884622,0.18617978174942312
mk15,speed,0.05,7,4.087884622056965,0.20439423110284827
mk15,speed,0.05,8,5.121068878758384,0.2560534439379192
mk15,speed,0.05,9,4.400708559575866,0.22003542797879333
mk15,speed,0.05,10,3.409952429003894,0.1704976214501947
mk15,speed,0.05,11,4.05346906513804,0.202673453256902
mk15,speed,0.05,12,2.2108530344529336,0.11054265172264668
mk15,speed,0.05,13,2.6273944712390738,0.1313697235619537
mk15,speed,0.05,14,2.0,0.1
mk15,speed,0.05,15,2.5114866228488832,0.12557433114244418
mk15,speed,0.15,1,3.7240236882775553,0.5586035532416332
mk15,speed,0.15,2,4.183032734793731,0.6274549102190595
mk15,speed,0.15,3,3.0407222228976467,0.45610833343464696
mk15,speed,0.15,4,5.226822382041825,0.7840233573062737
mk15,speed,0.15,5,6.0,0.8999999999999999
mk15,speed,0.15,6,3.7235956349884622,0.5585393452482693
mk15,speed,0.15,7,4.087884622056965,0.6131826933085447
mk15,speed,0.15,8,5.121068878758384,0.7681603318137575
mk15,speed,0.15,9,4.400708559575866,0.6601062839363799
mk15,speed,0.15,10,3.409952429003894,0.511492864350584
mk15,speed,0.15,11,4.05346906513804,0.6080203597707059
mk15,speed,0.15,12,2.2108530344529336,0.33162795516794
mk15,speed,0.15,13,2.6273944712390738,0.39410917068586104
mk15,speed,0.15,14,2.0,0.3
mk15,speed,0.15,15,2.5114866228488832,0.37672299342733245
mk15,speed,0.3,1,3.7240236882775553,1.1172071064832665
mk15,speed,0.3,2,4.183032734793731,1.254909820438119
mk15,speed,0.3,3,3.0407222228976467,0.9122166668692939
mk15,speed,0.3,4,5.226822382041825,1.5680467146125474
mk15,speed,0.3,5,6.0,1.7999999999999998
mk15,speed,0.3,6,3.7235956349884622,1.1170786904965386
mk15,speed,0.3,7,4.087884622056965,1.2263653866170894
mk15,speed,0.3,8,5.121068878758384,1.536320663627515
mk15,speed,0.3,9,4.400708559575866,1.3202125678727599
mk15,speed,0.3,10,3.409952429003894,1.022985728701168
mk15,speed,0.3,11,4.05346906513804,1.2160407195414118
mk15,speed,0.3,12,2.2108530344529336,0.66325591033588
mk15,speed,0.3,13,2.6273944712390738,0.7882183413717221
mk15,speed,0.3,14,2.0,0.6
mk15,speed,0.3,15,2.5114866228488832,0.7534459868546649
